,id,timestamp,layer_type,method,local_port,remote_port,req_cf_ray,req_content_length,resp_content_length,resp_vary,status_code,target
0,tHKgIuCZ,08/Jun/2025:07:05:46 +0000,,GET,1234,37530,94c68aeecb38409a-SIN,,50,Origin,401,ssrf
1,625GoFZO,08/Jun/2025:07:07:13 +0000,SINGLE_LAYERED,POST,1234,37562,94c68d0f48d28b59-HKG,86.0,33,Origin,200,sql_injection
2,u4sde1wQ,08/Jun/2025:07:07:16 +0000,SINGLE_LAYERED,POST,1234,37562,94c68d2548a98b59-HKG,86.0,33,Origin,200,sql_injection
3,FQylZXhA,08/Jun/2025:07:07:21 +0000,SINGLE_LAYERED,POST,1234,37562,94c68d420d3a8b59-HKG,74.0,62,Origin,401,sql_injection
4,lR82yFF4,08/Jun/2025:07:07:27 +0000,SINGLE_LAYERED,POST,1234,37562,94c68d65be578b59-HKG,77.0,64,Origin,403,sql_injection
5,FIL3VsRP,08/Jun/2025:07:07:52 +0000,,GET,1234,37562,94c68e06398a409a-SIN,,50,Origin,401,ssrf
6,22jwnCbt,08/Jun/2025:07:08:26 +0000,SINGLE_LAYERED,POST,1234,36782,94c68edc7ea0409a-SIN,89.0,33,Origin,200,xss
7,ZANJ5Har,08/Jun/2025:07:08:37 +0000,SINGLE_LAYERED,POST,1234,36782,94c68f1d0fa8409a-SIN,96.0,33,Origin,200,xss
8,dkGyCMk5,08/Jun/2025:07:09:05 +0000,SINGLE_LAYERED,POST,1234,36782,94c68fcb6c38409a-SIN,114.0,33,Origin,200,xss
9,b2lrwxQw,08/Jun/2025:07:13:23 +0000,,GET,1234,47788,94c6961a3e09fd9b-SIN,,50,Origin,401,ssrf
10,x7slJScq,08/Jun/2025:07:14:09 +0000,,PATCH,1234,52402,94c69736ce8bfd9b-SIN,190.0,118,Origin,500,ssrf
11,a0AfFkWq,08/Jun/2025:07:14:13 +0000,,PATCH,1234,52402,94c697550f0afd9b-SIN,190.0,118,Origin,500,ssrf
12,Ummh6Wkg,08/Jun/2025:07:14:54 +0000,,PATCH,1234,52402,94c6984f89cefd9b-SIN,188.0,50,Origin,401,ssrf
13,i1ylaHVV,08/Jun/2025:07:16:31 +0000,SINGLE_LAYERED,POST,1234,59570,94c69aae1eb2a1af-SIN,77.0,64,Origin,403,sql_injection
14,cgfI3XMS,08/Jun/2025:07:16:37 +0000,SINGLE_LAYERED,POST,1234,59570,94c69ad44a20a1af-SIN,77.0,64,Origin,403,sql_injection
15,v834AMtO,08/Jun/2025:07:16:41 +0000,,GET,1234,59570,94c69aec4e90fd9b-SIN,,50,Origin,401,ssrf
16,QGk4DgBt,08/Jun/2025:07:16:46 +0000,SINGLE_LAYERED,POST,1234,59570,94c69b0ddc3fa1af-SIN,541.0,33,Origin,200,BENIGN
17,f7cFO5ly,08/Jun/2025:07:16:50 +0000,SINGLE_LAYERED,POST,1234,59570,94c69b2799cda1af-SIN,541.0,33,Origin,200,BENIGN
18,lOFmwZEp,08/Jun/2025:07:16:52 +0000,SINGLE_LAYERED,POST,1234,59570,94c69b35a9f1a1af-SIN,541.0,33,Origin,200,BENIGN
19,fGtpanBz,08/Jun/2025:07:17:11 +0000,SINGLE_LAYERED,PATCH,1234,59570,94c69bab7e59fd9b-SIN,445.0,33,Origin,200,xss
20,z65Y4r37,08/Jun/2025:07:17:32 +0000,SINGLE_LAYERED,POST,1234,35630,94c69c2f6d0da1af-SIN,541.0,58,Origin,404,BENIGN
21,1t1EZA5E,08/Jun/2025:07:21:24 +0000,,POST,1234,45162,94c6a1da1f32e2e7-HKG,42.0,62,Origin,401,ssrf
22,HhRenAaW,08/Jun/2025:07:23:23 +0000,,POST,1234,48456,94c6a4c099d609e8-HKG,48.0,62,Origin,401,ssrf
23,ZpJTOVI3,08/Jun/2025:07:23:24 +0000,SINGLE_LAYERED,POST,1234,48456,94c6a4c49cf58613-HKG,48.0,62,Origin,401,sql_injection
24,jAqKxzHy,08/Jun/2025:07:24:41 +0000,SINGLE_LAYERED,POST,1234,44506,94c6a6a36c7bd0a1-HKG,77.0,64,Origin,403,sql_injection
25,sIBPQGbh,08/Jun/2025:07:24:56 +0000,,POST,1234,44506,94c6a7067f2d097c-HKG,48.0,64,Origin,422,ssrf
26,w3JhBuDk,08/Jun/2025:07:25:01 +0000,SINGLE_LAYERED,POST,1234,44506,94c6a7209d2909e4-HKG,48.0,64,Origin,422,sql_injection
27,hWB40S5j,08/Jun/2025:07:25:08 +0000,SINGLE_LAYERED,POST,1234,44506,94c6a74fff15d0a1-HKG,541.0,58,Origin,404,BENIGN
28,cu1ZtGVk,08/Jun/2025:07:25:29 +0000,SINGLE_LAYERED,POST,1234,44506,94c6a7d3c93cd0a1-HKG,541.0,58,Origin,404,BENIGN
29,We9wtjcp,08/Jun/2025:07:27:20 +0000,,POST,1234,40084,94c6aa885ee05859-SIN,48.0,62,Origin,401,ssrf
30,kvUvnhgT,08/Jun/2025:07:27:42 +0000,SINGLE_LAYERED,POST,1234,40084,94c6ab10cb2db2df-SIN,48.0,62,Origin,401,sql_injection
31,CpXCHctt,08/Jun/2025:07:29:12 +0000,,POST,1234,47968,94c6ad45fa815fd8-SIN,48.0,62,Origin,401,ssrf
32,WtQO9u6g,08/Jun/2025:07:30:43 +0000,,POST,1234,34592,94c6af7c2932fe21-SIN,52.0,62,Origin,401,ssrf
33,YFcPwECg,08/Jun/2025:07:32:13 +0000,,POST,1234,46010,94c6b1b16f4a400e-SIN,59.0,62,Origin,401,ssrf
34,8gcvOGOY,08/Jun/2025:07:32:14 +0000,SINGLE_LAYERED,POST,1234,46010,94c6b1b49ffdde84-HKG,87.0,62,Origin,401,sql_injection
35,5tiLUbE0,08/Jun/2025:07:33:14 +0000,SINGLE_LAYERED,POST,1234,46010,94c6b32c097c2652-SIN,66.0,62,Origin,401,xss
36,UfMcXSI5,08/Jun/2025:07:33:14 +0000,,POST,1234,46010,94c6b32e6ceb89b8-SIN,70.0,62,Origin,401,ssrf
37,guTc7fHF,08/Jun/2025:07:34:43 +0000,,POST,1234,37836,94c6b5598f15fe8a-SIN,48.0,62,Origin,401,ssrf
38,Mr8i7XGA,08/Jun/2025:07:34:43 +0000,SINGLE_LAYERED,POST,1234,37836,94c6b55bad79a3cd-SIN,48.0,62,Origin,401,sql_injection
39,OwVsXir0,08/Jun/2025:07:35:30 +0000,SINGLE_LAYERED,POST,1234,37836,94c6b67c3fe740c8-SIN,69.0,33,Origin,200,sql_injection
40,LDasesvK,08/Jun/2025:07:35:44 +0000,,POST,1234,51594,94c6b6d5bc7c49a2-SIN,48.0,62,Origin,401,ssrf
41,kOur4B4O,08/Jun/2025:07:36:01 +0000,SINGLE_LAYERED,POST,1234,37836,94c6b73ffd6e40c8-SIN,65.0,33,Origin,200,sql_injection
42,0D67iKI6,08/Jun/2025:07:36:44 +0000,,POST,1234,51594,94c6b84f5d535d17-SIN,52.0,62,Origin,401,ssrf
43,GlzlTqjo,08/Jun/2025:07:36:45 +0000,,POST,1234,51594,94c6b851db9e2739-SIN,59.0,62,Origin,401,ssrf
44,1Jgf9axu,08/Jun/2025:07:37:45 +0000,SINGLE_LAYERED,POST,1234,51594,94c6b9cc18eba0bc-SIN,66.0,62,Origin,401,xss
45,ysj01mO2,08/Jun/2025:07:37:46 +0000,,POST,1234,51594,94c6b9ced9e5fd2f-SIN,70.0,62,Origin,401,ssrf
46,t05MIrGy,08/Jun/2025:07:38:16 +0000,,GET,1234,47912,94c6ba8c68e9a8d3-SIN,,50,Origin,401,ssrf
47,zU7fmNj2,08/Jun/2025:07:38:16 +0000,,GET,1234,51594,94c6ba8c68eda8d3-SIN,,50,Origin,401,ssrf
48,9imaWVNW,08/Jun/2025:07:38:46 +0000,,POST,1234,51594,94c6bb494ca44047-SIN,71.0,62,Origin,401,ssrf
49,p3Bwd9oa,08/Jun/2025:07:38:47 +0000,,POST,1234,51594,94c6bb4bdc2aa132-SIN,70.0,62,Origin,401,ssrf
50,zWayIzyF,08/Jun/2025:07:39:14 +0000,SINGLE_LAYERED,POST,1234,51594,94c6bbf52db2eb9e-SIN,483.0,58,Origin,404,BENIGN
51,R4uCRbEY,08/Jun/2025:07:39:29 +0000,,GET,1234,51594,94c6bc53cf355e3c-SIN,,50,Origin,401,ssrf
52,K07oUUKH,08/Jun/2025:07:39:33 +0000,SINGLE_LAYERED,POST,1234,51594,94c6bc6bea9c5e3c-SIN,87.0,62,Origin,401,sql_injection
53,VUD7b2hY,08/Jun/2025:07:39:39 +0000,SINGLE_LAYERED,POST,1234,51594,94c6bc936d86aecd-SIN,483.0,58,Origin,404,BENIGN
54,YFUoET3e,08/Jun/2025:07:39:47 +0000,SINGLE_LAYERED,POST,1234,51594,94c6bcc59b9dfda7-SIN,105.0,50,Origin,401,xss
55,XvqwW2To,08/Jun/2025:07:39:47 +0000,SINGLE_LAYERED,POST,1234,51594,94c6bcc6dbe4fda7-SIN,105.0,33,Origin,200,xss
56,1abV4tmZ,08/Jun/2025:07:39:47 +0000,,POST,1234,51594,94c6bcc73bbcce82-SIN,71.0,62,Origin,401,ssrf
57,NzgyzLUV,08/Jun/2025:07:39:48 +0000,,POST,1234,51594,94c6bcc9c928fd9e-SIN,78.0,62,Origin,401,ssrf
58,5RLUVIYt,08/Jun/2025:07:40:03 +0000,SINGLE_LAYERED,POST,1234,55380,94c6bd294b3ffda7-SIN,108.0,33,Origin,200,xss
59,ooNVM3hC,08/Jun/2025:07:40:04 +0000,SINGLE_LAYERED,POST,1234,55380,94c6bd31f9c1a132-SIN,483.0,58,Origin,404,BENIGN
60,8licl2W8,08/Jun/2025:07:40:14 +0000,SINGLE_LAYERED,POST,1234,55380,94c6bd6c7a76fda7-SIN,108.0,33,Origin,200,xss
61,Fj7aJ3dN,08/Jun/2025:07:40:34 +0000,SINGLE_LAYERED,POST,1234,55380,94c6bdedecc5fda7-SIN,125.0,33,Origin,200,xss
62,UwpyELr3,08/Jun/2025:07:40:46 +0000,SINGLE_LAYERED,POST,1234,55380,94c6be381c12fda7-SIN,124.0,33,Origin,200,xss
63,ACYUGDhO,08/Jun/2025:07:40:48 +0000,,POST,1234,55380,94c6be441de35607-SIN,80.0,62,Origin,401,ssrf
64,xNyiPUod,08/Jun/2025:07:40:49 +0000,,POST,1234,55380,94c6be469df1fd39-SIN,82.0,62,Origin,401,ssrf
65,CvBVznqR,08/Jun/2025:07:41:15 +0000,SINGLE_LAYERED,POST,1234,55380,94c6bee8b80bfda7-SIN,160.0,33,Origin,200,xss
66,jfPwzGx9,08/Jun/2025:07:41:49 +0000,,POST,1234,55380,94c6bfc0dfe3fd13-SIN,62.0,62,Origin,401,ssrf
67,TTdhgI3d,08/Jun/2025:07:41:50 +0000,SINGLE_LAYERED,POST,1234,55380,94c6bfc38c944d7b-SIN,82.0,62,Origin,401,sql_injection
68,g1M3T8ef,08/Jun/2025:07:41:53 +0000,,DELETE,1234,55380,94c6bfd9a98bfd03-SIN,,50,Origin,401,ssrf
69,4qB1dzSM,08/Jun/2025:07:41:54 +0000,SINGLE_LAYERED,POST,1234,55380,94c6bfe15b3dfd03-SIN,191.0,33,Origin,200,xss
70,dsGc6DlX,08/Jun/2025:07:42:17 +0000,SINGLE_LAYERED,POST,1234,55380,94c6c06e8ecdfd03-SIN,167.0,33,Origin,200,xss
71,gMCNfFyJ,08/Jun/2025:07:42:17 +0000,SINGLE_LAYERED,POST,1234,55380,94c6c070387f5dd6-HKG,483.0,58,Origin,404,BENIGN
72,GIKkRzNT,08/Jun/2025:07:42:40 +0000,SINGLE_LAYERED,PUT,1234,55380,94c6c0fcb903fd03-SIN,145.0,33,Origin,200,xss
73,pWUQWwm9,08/Jun/2025:07:42:43 +0000,SINGLE_LAYERED,POST,1234,55380,94c6c10fdfadb2df-SIN,483.0,58,Origin,404,BENIGN
74,m1lrEUOv,08/Jun/2025:07:42:50 +0000,SINGLE_LAYERED,POST,1234,55380,94c6c13e092846a9-SIN,84.0,62,Origin,401,sql_injection
75,qbGToCk3,08/Jun/2025:07:42:51 +0000,SINGLE_LAYERED,POST,1234,55380,94c6c140b99efe18-SIN,86.0,62,Origin,401,sql_injection
76,V5nu28Np,08/Jun/2025:07:43:03 +0000,SINGLE_LAYERED,PUT,1234,55380,94c6c18fece9fd03-SIN,132.0,33,Origin,200,xss
77,frFBlzIW,08/Jun/2025:07:43:08 +0000,SINGLE_LAYERED,POST,1234,55380,94c6c1ae08a78956-SIN,483.0,58,Origin,404,BENIGN
78,03NFVj8J,08/Jun/2025:07:43:28 +0000,SINGLE_LAYERED,POST,1234,55380,94c6c229cb68fd03-SIN,144.0,50,Origin,401,xss
79,IMn7YVA1,08/Jun/2025:07:43:28 +0000,SINGLE_LAYERED,POST,1234,55380,94c6c22aeba0fd03-SIN,144.0,33,Origin,200,xss
80,Yvva3GPg,08/Jun/2025:07:43:51 +0000,SINGLE_LAYERED,POST,1234,55380,94c6c2bb2f5af8fc-SIN,80.0,62,Origin,401,sql_injection
81,7erre9Nc,08/Jun/2025:07:43:52 +0000,SINGLE_LAYERED,POST,1234,55380,94c6c2bd9db7f8de-SIN,87.0,62,Origin,401,sql_injection
82,AirfRxxi,08/Jun/2025:07:44:05 +0000,SINGLE_LAYERED,POST,1234,55380,94c6c314ebd23f6b-SIN,483.0,58,Origin,404,BENIGN
83,JknqDxrm,08/Jun/2025:07:44:42 +0000,,GET,1234,55380,94c6c3fadf38895f-SIN,,50,Origin,401,ssrf
84,gp7nQyCZ,08/Jun/2025:07:44:42 +0000,,GET,1234,38818,94c6c3fadf3b895f-SIN,,50,Origin,401,ssrf
85,bzJnQKPx,08/Jun/2025:07:44:53 +0000,SINGLE_LAYERED,POST,1234,38848,94c6c43afb0e9d20-SIN,89.0,62,Origin,401,sql_injection
86,DDrkGKWH,08/Jun/2025:07:44:53 +0000,SINGLE_LAYERED,POST,1234,38848,94c6c43edb5e5f9f-SIN,91.0,62,Origin,401,sql_injection
87,s5mwzWUK,08/Jun/2025:07:44:58 +0000,SINGLE_LAYERED,POST,1234,38848,94c6c45e1b6ddd34-HKG,541.0,33,Origin,200,BENIGN
88,UjS4ufEC,08/Jun/2025:07:45:24 +0000,SINGLE_LAYERED,POST,1234,38844,94c6c4fedbaadd34-HKG,541.0,58,Origin,404,BENIGN
89,V8HTUly5,08/Jun/2025:07:45:46 +0000,SINGLE_LAYERED,POST,1234,38848,94c6c5880adbdd34-HKG,541.0,33,Origin,200,BENIGN
90,kIqAaG5o,08/Jun/2025:07:45:54 +0000,SINGLE_LAYERED,POST,1234,38848,94c6c5bbed035f42-SIN,82.0,62,Origin,401,sql_injection
91,TvWhD2y6,08/Jun/2025:07:45:55 +0000,SINGLE_LAYERED,POST,1234,38848,94c6c5be5dc8fd2f-SIN,85.0,62,Origin,401,sql_injection
92,I2RQOGVN,08/Jun/2025:07:46:12 +0000,,GET,1234,36924,94c6c62a48e05fb3-SIN,,50,Origin,401,ssrf
93,MYvPQzWH,08/Jun/2025:07:46:18 +0000,SINGLE_LAYERED,POST,1234,36924,94c6c6541b9bdd34-HKG,541.0,33,Origin,200,BENIGN
94,tRgKy8Rc,08/Jun/2025:07:46:57 +0000,,POST,1234,38818,94c6c74388dafdff-SIN,86.0,62,Origin,401,ssrf
95,zZeFQuBs,08/Jun/2025:07:46:58 +0000,,POST,1234,38844,94c6c74a1e55fdfc-SIN,88.0,62,Origin,401,ssrf
96,6i05CUNg,08/Jun/2025:07:47:06 +0000,SINGLE_LAYERED,POST,1234,38842,94c6c77a9bd4dd34-HKG,541.0,33,Origin,200,BENIGN
97,de95Q788,08/Jun/2025:07:47:09 +0000,SINGLE_LAYERED,POST,1234,38842,94c6c790fa384027-SIN,131.0,33,Origin,200,BENIGN
98,NyHyCKmg,08/Jun/2025:07:47:12 +0000,SINGLE_LAYERED,POST,1234,38842,94c6c7a12c4a4027-SIN,131.0,33,Origin,200,BENIGN
99,FINTIKXM,08/Jun/2025:07:47:13 +0000,SINGLE_LAYERED,POST,1234,38842,94c6c7a7fffa4027-SIN,131.0,33,Origin,200,BENIGN
100,0XPD0ntd,08/Jun/2025:07:47:14 +0000,SINGLE_LAYERED,POST,1234,38842,94c6c7ad4b424027-SIN,131.0,33,Origin,200,BENIGN
101,R2gp7owT,08/Jun/2025:07:47:15 +0000,SINGLE_LAYERED,POST,1234,38842,94c6c7b2ef354027-SIN,131.0,33,Origin,200,BENIGN
102,kDPxVBbl,08/Jun/2025:07:47:22 +0000,SINGLE_LAYERED,POST,1234,38842,94c6c7dfed73dd34-HKG,87.0,62,Origin,401,sql_injection
103,RwChGj4F,08/Jun/2025:07:47:40 +0000,SINGLE_LAYERED,POST,1234,38842,94c6c8549f314027-SIN,131.0,33,Origin,200,BENIGN
104,GTQGEJrg,08/Jun/2025:07:47:42 +0000,SINGLE_LAYERED,POST,1234,38842,94c6c85d3d1a4027-SIN,131.0,33,Origin,200,BENIGN
105,JXTOJNr4,08/Jun/2025:07:47:59 +0000,,POST,1234,38842,94c6c8c52bbca8de-SIN,90.0,62,Origin,401,ssrf
106,YGz4Papo,08/Jun/2025:07:47:59 +0000,,POST,1234,38842,94c6c8c7fbf5b486-SIN,84.0,62,Origin,401,ssrf
107,W1UliW0y,08/Jun/2025:07:48:27 +0000,SINGLE_LAYERED,POST,1234,38842,94c6c9757ee94027-SIN,131.0,33,Origin,200,BENIGN
108,xQDCh2qy,08/Jun/2025:07:48:27 +0000,SINGLE_LAYERED,POST,1234,38842,94c6c979eb514027-SIN,131.0,33,Origin,200,BENIGN
109,YJMrfCtD,08/Jun/2025:07:48:28 +0000,SINGLE_LAYERED,POST,1234,38842,94c6c97e5ece4027-SIN,131.0,33,Origin,200,BENIGN
110,QsHoQ6cx,08/Jun/2025:07:48:29 +0000,SINGLE_LAYERED,POST,1234,38842,94c6c98319924027-SIN,131.0,33,Origin,200,BENIGN
111,54glaeiY,08/Jun/2025:07:48:30 +0000,SINGLE_LAYERED,POST,1234,38842,94c6c987ecd64027-SIN,131.0,33,Origin,200,BENIGN
112,4vkjxahT,08/Jun/2025:07:48:30 +0000,SINGLE_LAYERED,POST,1234,38842,94c6c98c4fd64027-SIN,131.0,33,Origin,200,BENIGN
113,r1LWBCic,08/Jun/2025:07:48:31 +0000,SINGLE_LAYERED,POST,1234,38842,94c6c990cab84027-SIN,131.0,33,Origin,200,BENIGN
114,5zQT40Q7,08/Jun/2025:07:48:32 +0000,SINGLE_LAYERED,POST,1234,38842,94c6c9952e0a4027-SIN,131.0,33,Origin,200,BENIGN
115,56tdibBm,08/Jun/2025:07:48:32 +0000,SINGLE_LAYERED,POST,1234,38842,94c6c999b9754027-SIN,131.0,33,Origin,200,BENIGN
116,WtTRR8vJ,08/Jun/2025:07:48:33 +0000,SINGLE_LAYERED,POST,1234,38842,94c6c99e0cf74027-SIN,131.0,33,Origin,200,BENIGN
117,AEnJQVvT,08/Jun/2025:07:48:34 +0000,SINGLE_LAYERED,POST,1234,38842,94c6c9a268754027-SIN,131.0,33,Origin,200,BENIGN
118,TJxXILeL,08/Jun/2025:07:48:35 +0000,SINGLE_LAYERED,POST,1234,38842,94c6c9a6fb634027-SIN,131.0,33,Origin,200,BENIGN
119,QXy888tc,08/Jun/2025:07:48:35 +0000,SINGLE_LAYERED,POST,1234,38842,94c6c9ab7e294027-SIN,131.0,33,Origin,200,BENIGN
120,1K2TTxkb,08/Jun/2025:07:48:36 +0000,SINGLE_LAYERED,POST,1234,38842,94c6c9afe9274027-SIN,131.0,33,Origin,200,BENIGN
121,9VuXzq1S,08/Jun/2025:07:48:37 +0000,SINGLE_LAYERED,POST,1234,38842,94c6c9b48c7b4027-SIN,131.0,33,Origin,200,BENIGN
122,7wzPFbkf,08/Jun/2025:07:48:37 +0000,SINGLE_LAYERED,POST,1234,38842,94c6c9b91f924027-SIN,131.0,33,Origin,200,BENIGN
123,9hmFpdsq,08/Jun/2025:07:48:38 +0000,SINGLE_LAYERED,POST,1234,38842,94c6c9bd6b5d4027-SIN,131.0,33,Origin,200,BENIGN
124,xuHQp11y,08/Jun/2025:07:48:39 +0000,SINGLE_LAYERED,POST,1234,38842,94c6c9c26f4a4027-SIN,131.0,33,Origin,200,BENIGN
125,VwTUkUwp,08/Jun/2025:07:48:40 +0000,SINGLE_LAYERED,POST,1234,38842,94c6c9c6eb224027-SIN,131.0,33,Origin,200,BENIGN
126,OtDeSvHZ,08/Jun/2025:07:48:40 +0000,SINGLE_LAYERED,POST,1234,38842,94c6c9cbaf204027-SIN,131.0,33,Origin,200,BENIGN
127,c1pPefEc,08/Jun/2025:07:48:41 +0000,SINGLE_LAYERED,POST,1234,38842,94c6c9d03a434027-SIN,131.0,33,Origin,200,BENIGN
128,XV0MV2I0,08/Jun/2025:07:48:42 +0000,SINGLE_LAYERED,POST,1234,38842,94c6c9d47d274027-SIN,131.0,33,Origin,200,BENIGN
129,wlSeEORa,08/Jun/2025:07:48:43 +0000,SINGLE_LAYERED,POST,1234,38842,94c6c9d908124027-SIN,131.0,33,Origin,200,BENIGN
130,FeChaUHC,08/Jun/2025:07:48:43 +0000,SINGLE_LAYERED,POST,1234,38842,94c6c9dd8be54027-SIN,131.0,33,Origin,200,BENIGN
131,T4a8joiG,08/Jun/2025:07:48:44 +0000,SINGLE_LAYERED,POST,1234,38842,94c6c9e1e91f4027-SIN,131.0,33,Origin,200,BENIGN
132,Jiamismc,08/Jun/2025:07:48:45 +0000,SINGLE_LAYERED,POST,1234,38842,94c6c9e69e8f4027-SIN,131.0,33,Origin,200,BENIGN
133,bEGpaiQn,08/Jun/2025:07:48:45 +0000,SINGLE_LAYERED,POST,1234,38842,94c6c9eaea4b4027-SIN,131.0,33,Origin,200,BENIGN
134,MaTu2i5W,08/Jun/2025:07:48:46 +0000,SINGLE_LAYERED,POST,1234,38842,94c6c9ef89204027-SIN,131.0,33,Origin,200,BENIGN
135,mfcTTKjk,08/Jun/2025:07:48:47 +0000,SINGLE_LAYERED,POST,1234,38842,94c6c9f41d394027-SIN,131.0,33,Origin,200,BENIGN
136,0JXj9HLk,08/Jun/2025:07:48:48 +0000,SINGLE_LAYERED,POST,1234,38842,94c6c9f8b8984027-SIN,131.0,33,Origin,200,BENIGN
137,UaY2Gwoa,08/Jun/2025:07:48:48 +0000,SINGLE_LAYERED,POST,1234,38842,94c6c9fd3d3b4027-SIN,131.0,33,Origin,200,BENIGN
138,WHVZza3j,08/Jun/2025:07:48:49 +0000,SINGLE_LAYERED,POST,1234,38842,94c6ca01c9a64027-SIN,131.0,33,Origin,200,BENIGN
139,DfCgxtOv,08/Jun/2025:07:48:50 +0000,SINGLE_LAYERED,POST,1234,38842,94c6ca062cc54027-SIN,131.0,33,Origin,200,BENIGN
140,AteJ9y1d,08/Jun/2025:07:48:50 +0000,SINGLE_LAYERED,POST,1234,38842,94c6ca0a7a454027-SIN,131.0,33,Origin,200,BENIGN
141,WXdmTRMy,08/Jun/2025:07:48:51 +0000,SINGLE_LAYERED,POST,1234,38842,94c6ca0eefbe4027-SIN,131.0,33,Origin,200,BENIGN
142,gpVdNYMa,08/Jun/2025:07:48:52 +0000,SINGLE_LAYERED,POST,1234,38842,94c6ca136ac64027-SIN,131.0,33,Origin,200,BENIGN
143,BYE6Pd1Z,08/Jun/2025:07:48:53 +0000,SINGLE_LAYERED,POST,1234,38842,94c6ca178f204027-SIN,131.0,33,Origin,200,BENIGN
144,UeqdasE6,08/Jun/2025:07:48:53 +0000,SINGLE_LAYERED,POST,1234,38842,94c6ca1cbd164027-SIN,131.0,33,Origin,200,BENIGN
145,PsqrHAny,08/Jun/2025:07:48:54 +0000,SINGLE_LAYERED,POST,1234,38842,94c6ca214ac04027-SIN,131.0,33,Origin,200,BENIGN
146,0IbLoywx,08/Jun/2025:07:48:55 +0000,SINGLE_LAYERED,POST,1234,38842,94c6ca25afdd4027-SIN,131.0,33,Origin,200,BENIGN
147,UA3ul2RG,08/Jun/2025:07:48:56 +0000,SINGLE_LAYERED,POST,1234,38842,94c6ca29ec614027-SIN,131.0,33,Origin,200,BENIGN
148,gIrGA6KX,08/Jun/2025:07:48:56 +0000,SINGLE_LAYERED,POST,1234,38842,94c6ca2e8ad64027-SIN,131.0,33,Origin,200,BENIGN
149,yAMFJ9BJ,08/Jun/2025:07:48:57 +0000,SINGLE_LAYERED,POST,1234,38842,94c6ca336f8e4027-SIN,131.0,33,Origin,200,BENIGN
150,PneBjY8D,08/Jun/2025:07:48:58 +0000,SINGLE_LAYERED,POST,1234,38842,94c6ca37ca944027-SIN,131.0,33,Origin,200,BENIGN
151,h95QCXes,08/Jun/2025:07:48:58 +0000,SINGLE_LAYERED,POST,1234,38842,94c6ca3c2ea04027-SIN,131.0,33,Origin,200,BENIGN
152,nW7xcRSY,08/Jun/2025:07:48:59 +0000,SINGLE_LAYERED,POST,1234,38842,94c6ca40a9ec4027-SIN,131.0,33,Origin,200,BENIGN
153,apltwxAM,08/Jun/2025:07:49:00 +0000,,POST,1234,38842,94c6ca4278169cbc-SIN,91.0,62,Origin,401,ssrf
154,imXRLgc0,08/Jun/2025:07:49:00 +0000,SINGLE_LAYERED,POST,1234,38842,94c6ca453fc74027-SIN,131.0,33,Origin,200,BENIGN
155,pgQzB5sy,08/Jun/2025:07:49:00 +0000,,POST,1234,38842,94c6ca451a4ace1e-SIN,93.0,62,Origin,401,ssrf
156,bztBQLjy,08/Jun/2025:07:49:01 +0000,SINGLE_LAYERED,POST,1234,38842,94c6ca49dd4b4027-SIN,131.0,33,Origin,200,BENIGN
157,8Sr5P1R7,08/Jun/2025:07:49:01 +0000,SINGLE_LAYERED,POST,1234,38842,94c6ca4e3ace4027-SIN,131.0,33,Origin,200,BENIGN
158,owW7c97Q,08/Jun/2025:07:49:02 +0000,SINGLE_LAYERED,POST,1234,38842,94c6ca52af194027-SIN,131.0,33,Origin,200,BENIGN
159,pXP0aFw9,08/Jun/2025:07:49:03 +0000,SINGLE_LAYERED,POST,1234,38842,94c6ca56f9c34027-SIN,131.0,33,Origin,200,BENIGN
160,EpKd81ZH,08/Jun/2025:07:49:03 +0000,SINGLE_LAYERED,POST,1234,38842,94c6ca5b3cca4027-SIN,131.0,33,Origin,200,BENIGN
161,URMrSlxE,08/Jun/2025:07:49:04 +0000,SINGLE_LAYERED,POST,1234,38842,94c6ca5fefa04027-SIN,131.0,33,Origin,200,BENIGN
162,hTLIaSgN,08/Jun/2025:07:49:05 +0000,SINGLE_LAYERED,POST,1234,38842,94c6ca644ad04027-SIN,131.0,33,Origin,200,BENIGN
163,y3NYJHiV,08/Jun/2025:07:49:06 +0000,SINGLE_LAYERED,POST,1234,38842,94c6ca692e754027-SIN,131.0,33,Origin,200,BENIGN
164,606D2gUU,08/Jun/2025:07:49:07 +0000,SINGLE_LAYERED,POST,1234,38842,94c6ca6f5a3d4027-SIN,131.0,33,Origin,200,BENIGN
165,7oLXZGmG,08/Jun/2025:07:49:07 +0000,SINGLE_LAYERED,POST,1234,38842,94c6ca737cf94027-SIN,131.0,33,Origin,200,BENIGN
166,k7YKYCgW,08/Jun/2025:07:49:08 +0000,SINGLE_LAYERED,POST,1234,38842,94c6ca77e8644027-SIN,131.0,33,Origin,200,BENIGN
167,G34ZJk2N,08/Jun/2025:07:49:09 +0000,SINGLE_LAYERED,POST,1234,38842,94c6ca7c9c054027-SIN,131.0,33,Origin,200,BENIGN
168,l9anp4Fu,08/Jun/2025:07:49:10 +0000,SINGLE_LAYERED,POST,1234,38842,94c6ca816ee34027-SIN,131.0,33,Origin,200,BENIGN
169,saRRpBgZ,08/Jun/2025:07:49:10 +0000,SINGLE_LAYERED,POST,1234,38842,94c6ca85d9c64027-SIN,131.0,33,Origin,200,BENIGN
170,HCrpPXJf,08/Jun/2025:07:49:11 +0000,SINGLE_LAYERED,POST,1234,38842,94c6ca8aad5a4027-SIN,131.0,33,Origin,200,BENIGN
171,ZLEq6EDr,08/Jun/2025:07:49:12 +0000,SINGLE_LAYERED,POST,1234,38842,94c6ca8f582b4027-SIN,131.0,33,Origin,200,BENIGN
172,NocAsr2j,08/Jun/2025:07:49:12 +0000,SINGLE_LAYERED,POST,1234,38842,94c6ca93aacf4027-SIN,131.0,33,Origin,200,BENIGN
173,PS8Edolu,08/Jun/2025:07:49:13 +0000,SINGLE_LAYERED,POST,1234,38842,94c6ca981e134027-SIN,131.0,33,Origin,200,BENIGN
174,1bhO603f,08/Jun/2025:07:49:14 +0000,SINGLE_LAYERED,POST,1234,38842,94c6ca9c889b4027-SIN,131.0,33,Origin,200,BENIGN
175,MFVQThHp,08/Jun/2025:07:49:15 +0000,SINGLE_LAYERED,POST,1234,38842,94c6caa0bb274027-SIN,131.0,33,Origin,200,BENIGN
176,VrzLg245,08/Jun/2025:07:49:15 +0000,SINGLE_LAYERED,POST,1234,38842,94c6caa53e214027-SIN,131.0,33,Origin,200,BENIGN
177,UDI5z1yy,08/Jun/2025:07:49:16 +0000,SINGLE_LAYERED,POST,1234,38842,94c6caa968a84027-SIN,131.0,33,Origin,200,BENIGN
178,cdMjePMy,08/Jun/2025:07:49:17 +0000,SINGLE_LAYERED,POST,1234,38842,94c6caadbbda4027-SIN,131.0,33,Origin,200,BENIGN
179,cqO6Xdv0,08/Jun/2025:07:49:17 +0000,SINGLE_LAYERED,POST,1234,38842,94c6cab23e894027-SIN,131.0,33,Origin,200,BENIGN
180,SsL8uQBM,08/Jun/2025:07:49:18 +0000,SINGLE_LAYERED,POST,1234,38842,94c6cab689b04027-SIN,131.0,33,Origin,200,BENIGN
181,bTQaTOX5,08/Jun/2025:07:49:18 +0000,SINGLE_LAYERED,POST,1234,38842,94c6cab67ca704c6-HKG,87.0,62,Origin,401,sql_injection
182,1tmdH7bt,08/Jun/2025:07:49:19 +0000,SINGLE_LAYERED,POST,1234,38842,94c6cabafc584027-SIN,131.0,33,Origin,200,BENIGN
183,xxzSYsS0,08/Jun/2025:07:49:19 +0000,SINGLE_LAYERED,POST,1234,38842,94c6cabddcc004c6-HKG,87.0,62,Origin,401,sql_injection
184,ln8dBK0m,08/Jun/2025:07:49:19 +0000,SINGLE_LAYERED,POST,1234,38842,94c6cabf3fad4027-SIN,131.0,33,Origin,200,BENIGN
185,lOLCmsIl,08/Jun/2025:07:49:20 +0000,SINGLE_LAYERED,POST,1234,38842,94c6cac39b1d4027-SIN,131.0,33,Origin,200,BENIGN
186,j2P09yu4,08/Jun/2025:07:49:21 +0000,SINGLE_LAYERED,POST,1234,38842,94c6cac7cdc34027-SIN,131.0,33,Origin,200,BENIGN
187,utWSkyRV,08/Jun/2025:07:49:21 +0000,SINGLE_LAYERED,POST,1234,38842,94c6cacbf8414027-SIN,131.0,33,Origin,200,BENIGN
188,kZ8vr6gb,08/Jun/2025:07:49:22 +0000,SINGLE_LAYERED,POST,1234,38842,94c6cad06b5f4027-SIN,131.0,33,Origin,200,BENIGN
189,U1nEr30Y,08/Jun/2025:07:49:23 +0000,SINGLE_LAYERED,POST,1234,38842,94c6cad4be604027-SIN,131.0,33,Origin,200,BENIGN
190,6NZDJTIB,08/Jun/2025:07:49:24 +0000,SINGLE_LAYERED,POST,1234,38842,94c6cad908fd4027-SIN,131.0,33,Origin,200,BENIGN
191,Koe4l5XV,08/Jun/2025:07:49:24 +0000,SINGLE_LAYERED,POST,1234,38842,94c6cadd9ba64027-SIN,131.0,33,Origin,200,BENIGN
192,cgQSk63D,08/Jun/2025:07:49:25 +0000,SINGLE_LAYERED,POST,1234,38842,94c6cae1fec64027-SIN,131.0,33,Origin,200,BENIGN
193,5oRusPTw,08/Jun/2025:07:49:26 +0000,SINGLE_LAYERED,POST,1234,38842,94c6cae669e34027-SIN,131.0,33,Origin,200,BENIGN
194,k092TRDl,08/Jun/2025:07:49:26 +0000,SINGLE_LAYERED,POST,1234,38842,94c6caea8d1f4027-SIN,131.0,33,Origin,200,BENIGN
195,EpozuLUV,08/Jun/2025:07:49:27 +0000,SINGLE_LAYERED,POST,1234,38842,94c6caeed86b4027-SIN,131.0,33,Origin,200,BENIGN
196,zuxkzyx2,08/Jun/2025:07:49:28 +0000,SINGLE_LAYERED,POST,1234,38842,94c6caf34b724027-SIN,131.0,33,Origin,200,BENIGN
197,mMxemOYW,08/Jun/2025:07:49:28 +0000,SINGLE_LAYERED,POST,1234,38842,94c6caf7de854027-SIN,131.0,33,Origin,200,BENIGN
198,OiWp9kaN,08/Jun/2025:07:49:29 +0000,SINGLE_LAYERED,POST,1234,38842,94c6cafc89774027-SIN,131.0,33,Origin,200,BENIGN
199,ZOMSioxh,08/Jun/2025:07:49:30 +0000,SINGLE_LAYERED,POST,1234,38842,94c6cb00fc484027-SIN,131.0,33,Origin,200,BENIGN
200,hsRgqOia,08/Jun/2025:07:49:31 +0000,SINGLE_LAYERED,POST,1234,38842,94c6cb055eba4027-SIN,131.0,33,Origin,200,BENIGN
201,ldFVznzN,08/Jun/2025:07:49:31 +0000,SINGLE_LAYERED,POST,1234,38842,94c6cb09c9384027-SIN,131.0,33,Origin,200,BENIGN
202,TWCbGlyp,08/Jun/2025:07:49:32 +0000,SINGLE_LAYERED,POST,1234,38842,94c6cb0e3c944027-SIN,131.0,33,Origin,200,BENIGN
203,7JFp5CXm,08/Jun/2025:07:49:33 +0000,SINGLE_LAYERED,POST,1234,38842,94c6cb126f8f4027-SIN,131.0,33,Origin,200,BENIGN
204,2ySsL9T4,08/Jun/2025:07:49:33 +0000,SINGLE_LAYERED,POST,1234,38842,94c6cb16ca774027-SIN,131.0,33,Origin,200,BENIGN
205,kgXkRW5t,08/Jun/2025:07:49:34 +0000,SINGLE_LAYERED,POST,1234,38842,94c6cb1b3d824027-SIN,131.0,33,Origin,200,BENIGN
206,0GUE1Q46,08/Jun/2025:07:49:35 +0000,SINGLE_LAYERED,POST,1234,38842,94c6cb1fa8704027-SIN,131.0,33,Origin,200,BENIGN
207,jJwnURZW,08/Jun/2025:07:49:36 +0000,SINGLE_LAYERED,POST,1234,38842,94c6cb240ae94027-SIN,131.0,33,Origin,200,BENIGN
208,P2Ni9okr,08/Jun/2025:07:49:36 +0000,SINGLE_LAYERED,POST,1234,38842,94c6cb2a1f224027-SIN,131.0,33,Origin,200,BENIGN
209,SHbrmfkm,08/Jun/2025:07:49:37 +0000,SINGLE_LAYERED,POST,1234,38842,94c6cb2e89e24027-SIN,131.0,33,Origin,200,BENIGN
210,vE1uf30M,08/Jun/2025:07:49:38 +0000,SINGLE_LAYERED,POST,1234,38842,94c6cb32ec804027-SIN,131.0,33,Origin,200,BENIGN
211,Ku9mLjHj,08/Jun/2025:07:50:04 +0000,,POST,1234,38842,94c6cbd2fe04fda0-SIN,95.0,62,Origin,401,ssrf
212,jePsQAjs,08/Jun/2025:07:50:05 +0000,,POST,1234,38842,94c6cbd97c003440-SIN,89.0,62,Origin,401,ssrf
213,PJjByUwr,08/Jun/2025:07:51:44 +0000,,POST,1234,40184,94c6ce45ce439ce1-SIN,79.0,50,Origin,401,ssrf
214,ivlLyjiG,08/Jun/2025:07:52:03 +0000,,POST,1234,40184,94c6cec07f15f91c-SIN,48.0,62,Origin,401,ssrf
215,cr3xaKeJ,08/Jun/2025:07:52:04 +0000,,POST,1234,40184,94c6cec27d0cfd77-SIN,59.0,62,Origin,401,ssrf
216,w49MErCd,08/Jun/2025:07:52:14 +0000,SINGLE_LAYERED,POST,1234,40184,94c6cf03bf764487-SIN,66.0,62,Origin,401,xss
217,8vn4Njv4,08/Jun/2025:07:52:15 +0000,,POST,1234,40184,94c6cf064c9d9b9c-SIN,67.0,62,Origin,401,ssrf
218,eePaL7qx,08/Jun/2025:07:52:25 +0000,,POST,1234,40184,94c6cf47a8a9a8de-SIN,70.0,62,Origin,401,ssrf
219,zrtX9Xp3,08/Jun/2025:07:52:26 +0000,,POST,1234,40184,94c6cf4a0e6b4d75-SIN,66.0,62,Origin,401,ssrf
220,bwPnnZPv,08/Jun/2025:07:52:36 +0000,,POST,1234,40184,94c6cf8b9c125ce5-SIN,69.0,62,Origin,401,ssrf
221,VCxqtsuX,08/Jun/2025:07:52:36 +0000,,POST,1234,40184,94c6cf8dd866fe0f-SIN,68.0,62,Origin,401,ssrf
222,UK5qRvlO,08/Jun/2025:07:52:46 +0000,SINGLE_LAYERED,POST,1234,40184,94c6cfccee14448a-SIN,89.0,33,Origin,200,sql_injection
223,leuuAjyl,08/Jun/2025:07:52:47 +0000,,POST,1234,40184,94c6cfcf3d3981c0-SIN,71.0,62,Origin,401,ssrf
224,fLXRvwKO,08/Jun/2025:07:52:47 +0000,,POST,1234,40184,94c6cfd2fe88f8cc-SIN,67.0,62,Origin,401,ssrf
225,6IEzA7Uf,08/Jun/2025:07:52:58 +0000,,POST,1234,40184,94c6d0147a523ded-SIN,70.0,62,Origin,401,ssrf
226,RZTqUEDD,08/Jun/2025:07:52:58 +0000,,POST,1234,40184,94c6d016c9539ce7-SIN,66.0,62,Origin,401,ssrf
227,t783q4mT,08/Jun/2025:07:53:09 +0000,,POST,1234,40184,94c6d057f893d437-SIN,69.0,62,Origin,401,ssrf
228,NHuGDFeH,08/Jun/2025:07:55:32 +0000,SINGLE_LAYERED,POST,1234,40830,94c6d3d5ceac6c06-SIN,194.0,50,Origin,401,xss
229,XrGfwkKL,08/Jun/2025:07:55:33 +0000,SINGLE_LAYERED,POST,1234,40830,94c6d3dbcf2d6c06-SIN,194.0,33,Origin,200,xss
230,Hn9k2Mxt,08/Jun/2025:07:56:17 +0000,SINGLE_LAYERED,POST,1234,40830,94c6d4f1e987ce4f-SIN,233.0,50,Origin,401,xss
231,R5uF7ejV,08/Jun/2025:07:58:25 +0000,SINGLE_LAYERED,POST,1234,32982,94c6d80e6e45fe0c-SIN,233.0,50,Origin,401,xss
232,wdj7qOPN,08/Jun/2025:07:58:43 +0000,SINGLE_LAYERED,POST,1234,32982,94c6d8828de1fe0c-SIN,89.0,33,Origin,200,sql_injection
233,Df39OLSf,08/Jun/2025:07:58:50 +0000,SINGLE_LAYERED,POST,1234,32982,94c6d8abccd3fe0c-SIN,233.0,33,Origin,200,xss
234,7bP7wLyN,08/Jun/2025:07:59:17 +0000,SINGLE_LAYERED,POST,1234,32982,94c6d953792dfe0c-SIN,233.0,33,Origin,200,xss
235,OsdWWKzS,08/Jun/2025:07:59:17 +0000,SINGLE_LAYERED,POST,1234,32982,94c6d957dcb2fe0c-SIN,233.0,33,Origin,200,xss
236,viam4z7F,08/Jun/2025:07:59:18 +0000,SINGLE_LAYERED,POST,1234,32982,94c6d95c2855fe0c-SIN,233.0,33,Origin,200,xss
237,c8MySocZ,08/Jun/2025:07:59:19 +0000,SINGLE_LAYERED,POST,1234,32982,94c6d9607c42fe0c-SIN,233.0,33,Origin,200,xss
238,QzeMKchj,08/Jun/2025:07:59:19 +0000,SINGLE_LAYERED,POST,1234,32982,94c6d964f9a2fe0c-SIN,233.0,33,Origin,200,xss
239,UID0cCRW,08/Jun/2025:07:59:20 +0000,SINGLE_LAYERED,POST,1234,32982,94c6d9695cbcfe0c-SIN,233.0,33,Origin,200,xss
240,szGxwNCY,08/Jun/2025:07:59:21 +0000,SINGLE_LAYERED,POST,1234,32982,94c6d96dbfd5fe0c-SIN,233.0,33,Origin,200,xss
241,UZVwL5Tl,08/Jun/2025:07:59:21 +0000,SINGLE_LAYERED,POST,1234,32982,94c6d971fb8efe0c-SIN,233.0,33,Origin,200,xss
242,475Njl6D,08/Jun/2025:07:59:22 +0000,SINGLE_LAYERED,POST,1234,32982,94c6d9765810fe0c-SIN,233.0,33,Origin,200,xss
243,3JBeTcAL,08/Jun/2025:07:59:23 +0000,SINGLE_LAYERED,POST,1234,32982,94c6d97a8ba7fe0c-SIN,233.0,33,Origin,200,xss
244,bQGVlR4F,08/Jun/2025:07:59:24 +0000,SINGLE_LAYERED,POST,1234,32982,94c6d97eff5cfe0c-SIN,233.0,33,Origin,200,xss
245,yXBJce3e,08/Jun/2025:07:59:24 +0000,SINGLE_LAYERED,POST,1234,32982,94c6d9836b64fe0c-SIN,233.0,33,Origin,200,xss
246,l61Ur7fv,08/Jun/2025:07:59:25 +0000,SINGLE_LAYERED,POST,1234,32982,94c6d987c80efe0c-SIN,233.0,33,Origin,200,xss
247,OrXpRhB1,08/Jun/2025:07:59:26 +0000,SINGLE_LAYERED,POST,1234,32982,94c6d98c0af9fe0c-SIN,233.0,33,Origin,200,xss
248,7PWqqY6o,08/Jun/2025:07:59:26 +0000,SINGLE_LAYERED,POST,1234,32982,94c6d9905ecbfe0c-SIN,233.0,33,Origin,200,xss
249,5F8fs9Kb,08/Jun/2025:07:59:27 +0000,SINGLE_LAYERED,POST,1234,32982,94c6d994dbdbfe0c-SIN,233.0,33,Origin,200,xss
250,FJ67Pj0l,08/Jun/2025:07:59:28 +0000,SINGLE_LAYERED,POST,1234,32982,94c6d9990e51fe0c-SIN,233.0,33,Origin,200,xss
251,YXb0EkzJ,08/Jun/2025:07:59:28 +0000,SINGLE_LAYERED,POST,1234,32982,94c6d99d49c8fe0c-SIN,233.0,33,Origin,200,xss
252,9V9y2Dm5,08/Jun/2025:07:59:29 +0000,SINGLE_LAYERED,POST,1234,32982,94c6d9a1ce7bfe0c-SIN,233.0,33,Origin,200,xss
253,TslL13wH,08/Jun/2025:07:59:30 +0000,SINGLE_LAYERED,POST,1234,32982,94c6d9a61a8dfe0c-SIN,233.0,33,Origin,200,xss
254,M0MjiMVG,08/Jun/2025:07:59:30 +0000,SINGLE_LAYERED,POST,1234,32982,94c6d9aa5e98fe0c-SIN,233.0,33,Origin,200,xss
255,t6G5qDMx,08/Jun/2025:07:59:31 +0000,SINGLE_LAYERED,POST,1234,32982,94c6d9aeba81fe0c-SIN,233.0,33,Origin,200,xss
256,jVvlhgoA,08/Jun/2025:08:01:30 +0000,SINGLE_LAYERED,POST,1234,38344,94c6dc957b1d6044-SIN,148.0,50,Origin,401,xss
257,WZTWaPlv,08/Jun/2025:08:01:31 +0000,SINGLE_LAYERED,POST,1234,38344,94c6dc9a0a596044-SIN,148.0,50,Origin,401,xss
258,O7e6T9MK,08/Jun/2025:08:01:31 +0000,SINGLE_LAYERED,POST,1234,38344,94c6dc9e69016044-SIN,148.0,50,Origin,401,xss
259,DbN1mjzV,08/Jun/2025:08:01:32 +0000,SINGLE_LAYERED,POST,1234,38344,94c6dca2c8376044-SIN,148.0,50,Origin,401,xss
260,CsEtW313,08/Jun/2025:08:01:33 +0000,SINGLE_LAYERED,POST,1234,38344,94c6dca7183f6044-SIN,148.0,50,Origin,401,xss
261,aUZBsK4E,08/Jun/2025:08:01:34 +0000,SINGLE_LAYERED,POST,1234,38344,94c6dcab8fdc6044-SIN,148.0,50,Origin,401,xss
262,PgKqoe81,08/Jun/2025:08:01:34 +0000,SINGLE_LAYERED,POST,1234,38344,94c6dcafeea56044-SIN,148.0,50,Origin,401,xss
263,DV30E0TQ,08/Jun/2025:08:01:35 +0000,SINGLE_LAYERED,POST,1234,38344,94c6dcb42d8e6044-SIN,148.0,50,Origin,401,xss
264,qgINhJQH,08/Jun/2025:08:01:36 +0000,SINGLE_LAYERED,POST,1234,38344,94c6dcb88d016044-SIN,148.0,50,Origin,401,xss
265,mxQcFUqe,08/Jun/2025:08:01:36 +0000,SINGLE_LAYERED,POST,1234,38344,94c6dcbccbac6044-SIN,148.0,50,Origin,401,xss
266,B8Uxkcyy,08/Jun/2025:08:01:37 +0000,SINGLE_LAYERED,POST,1234,38344,94c6dcc0e8896044-SIN,148.0,50,Origin,401,xss
267,5zwJzNho,08/Jun/2025:08:01:38 +0000,SINGLE_LAYERED,POST,1234,38344,94c6dcc51e286044-SIN,148.0,50,Origin,401,xss
268,3xBkHZ01,08/Jun/2025:08:01:38 +0000,SINGLE_LAYERED,POST,1234,38344,94c6dcc95b3e6044-SIN,148.0,50,Origin,401,xss
269,WQdltTN2,08/Jun/2025:08:01:39 +0000,SINGLE_LAYERED,POST,1234,38344,94c6dccdbf746044-SIN,148.0,50,Origin,401,xss
270,bpzJPvHU,08/Jun/2025:08:01:40 +0000,SINGLE_LAYERED,POST,1234,38344,94c6dcd21c466044-SIN,148.0,50,Origin,401,xss
271,vBlsZSgc,08/Jun/2025:08:01:40 +0000,SINGLE_LAYERED,POST,1234,38344,94c6dcd649646044-SIN,148.0,50,Origin,401,xss
272,QrLfOLgu,08/Jun/2025:08:01:41 +0000,SINGLE_LAYERED,POST,1234,38344,94c6dcda8e646044-SIN,148.0,50,Origin,401,xss
273,jHdciycH,08/Jun/2025:08:01:42 +0000,SINGLE_LAYERED,POST,1234,38344,94c6dcdedbd76044-SIN,148.0,50,Origin,401,xss
274,nbaCVqeQ,08/Jun/2025:08:01:42 +0000,SINGLE_LAYERED,POST,1234,38344,94c6dce2ffee6044-SIN,148.0,50,Origin,401,xss
275,1PIaqxBE,08/Jun/2025:08:01:43 +0000,SINGLE_LAYERED,POST,1234,38344,94c6dce73ceb6044-SIN,148.0,50,Origin,401,xss
276,mUtBpX3Y,08/Jun/2025:08:01:44 +0000,SINGLE_LAYERED,POST,1234,38344,94c6dceb79d66044-SIN,148.0,50,Origin,401,xss
277,mh9UfllR,08/Jun/2025:08:02:13 +0000,SINGLE_LAYERED,POST,1234,38344,94c6dda18b456044-SIN,149.0,50,Origin,401,xss
278,LLbqBGEB,08/Jun/2025:08:02:14 +0000,SINGLE_LAYERED,POST,1234,38344,94c6dda5ef9b6044-SIN,149.0,50,Origin,401,xss
279,fUlTRuhC,08/Jun/2025:08:02:14 +0000,SINGLE_LAYERED,POST,1234,38344,94c6ddaa0c8b6044-SIN,149.0,50,Origin,401,xss
280,OYNB5Okp,08/Jun/2025:08:02:15 +0000,SINGLE_LAYERED,POST,1234,38344,94c6ddae48cf6044-SIN,149.0,50,Origin,401,xss
281,3tJjc48v,08/Jun/2025:08:02:19 +0000,SINGLE_LAYERED,POST,1234,38344,94c6ddc4cb2c6044-SIN,89.0,33,Origin,200,sql_injection
282,OjlXzzid,08/Jun/2025:08:02:24 +0000,SINGLE_LAYERED,POST,1234,38344,94c6dde87ed46044-SIN,149.0,33,Origin,200,xss
283,US6tMm5j,08/Jun/2025:08:02:28 +0000,SINGLE_LAYERED,POST,1234,38344,94c6ddffcad46044-SIN,149.0,33,Origin,200,xss
284,KQuOpeDs,08/Jun/2025:08:02:29 +0000,SINGLE_LAYERED,POST,1234,38344,94c6de042f976044-SIN,149.0,33,Origin,200,xss
285,VXZ6Zh1x,08/Jun/2025:08:02:29 +0000,SINGLE_LAYERED,POST,1234,38344,94c6de087c7a6044-SIN,149.0,33,Origin,200,xss
286,PlTMkBzC,08/Jun/2025:08:02:30 +0000,SINGLE_LAYERED,POST,1234,38344,94c6de0ce9666044-SIN,149.0,33,Origin,200,xss
287,d440q9h8,08/Jun/2025:08:02:31 +0000,SINGLE_LAYERED,POST,1234,38344,94c6de115e436044-SIN,149.0,33,Origin,200,xss
288,YbWLEkDj,08/Jun/2025:08:02:31 +0000,SINGLE_LAYERED,POST,1234,38344,94c6de15badc6044-SIN,149.0,33,Origin,200,xss
289,FlnoQpkp,08/Jun/2025:08:02:32 +0000,SINGLE_LAYERED,POST,1234,38344,94c6de1a0faf6044-SIN,149.0,33,Origin,200,xss
290,aDCIO9T0,08/Jun/2025:08:02:33 +0000,SINGLE_LAYERED,POST,1234,38344,94c6de1e5cf06044-SIN,149.0,33,Origin,200,xss
291,BX0zeh8A,08/Jun/2025:08:02:34 +0000,SINGLE_LAYERED,POST,1234,38344,94c6de22ca426044-SIN,149.0,33,Origin,200,xss
292,GeVUMhCb,08/Jun/2025:08:02:34 +0000,SINGLE_LAYERED,POST,1234,38344,94c6de273f8a6044-SIN,149.0,33,Origin,200,xss
293,SzOsm8gM,08/Jun/2025:08:02:35 +0000,SINGLE_LAYERED,POST,1234,38344,94c6de2bcd086044-SIN,149.0,33,Origin,200,xss
294,Jsdhz4hB,08/Jun/2025:08:02:36 +0000,SINGLE_LAYERED,POST,1234,38344,94c6de2ffa136044-SIN,149.0,33,Origin,200,xss
295,Zf8DKGMb,08/Jun/2025:08:02:36 +0000,SINGLE_LAYERED,POST,1234,38344,94c6de343ed86044-SIN,149.0,33,Origin,200,xss
296,tr3FYFpy,08/Jun/2025:08:02:37 +0000,SINGLE_LAYERED,POST,1234,38344,94c6de388bff6044-SIN,149.0,33,Origin,200,xss
297,FDp1JVMc,08/Jun/2025:08:02:38 +0000,SINGLE_LAYERED,POST,1234,38344,94c6de3ce9646044-SIN,149.0,33,Origin,200,xss
298,LxHK1xTa,08/Jun/2025:08:02:38 +0000,SINGLE_LAYERED,POST,1234,38344,94c6de414e206044-SIN,149.0,33,Origin,200,xss
299,cclvq7Uj,08/Jun/2025:08:02:39 +0000,SINGLE_LAYERED,POST,1234,38344,94c6de45aa926044-SIN,149.0,33,Origin,200,xss
300,xXxTnkS0,08/Jun/2025:08:02:40 +0000,SINGLE_LAYERED,POST,1234,38344,94c6de49bf756044-SIN,149.0,33,Origin,200,xss
301,xHzGkJs5,08/Jun/2025:08:02:40 +0000,SINGLE_LAYERED,POST,1234,38344,94c6de4e1c816044-SIN,149.0,33,Origin,200,xss
302,G9NF6pnh,08/Jun/2025:08:03:08 +0000,SINGLE_LAYERED,POST,1234,38344,94c6defc3f816044-SIN,132.0,33,Origin,200,xss
303,PXaFe4xZ,08/Jun/2025:08:03:09 +0000,SINGLE_LAYERED,POST,1234,38344,94c6df00adf66044-SIN,132.0,33,Origin,200,xss
304,bs3McTKZ,08/Jun/2025:08:03:10 +0000,SINGLE_LAYERED,POST,1234,38344,94c6df051cea6044-SIN,132.0,33,Origin,200,xss
305,iKnSbfXs,08/Jun/2025:08:03:10 +0000,SINGLE_LAYERED,POST,1234,38344,94c6df092b446044-SIN,132.0,33,Origin,200,xss
306,ms5rhtW6,08/Jun/2025:08:03:11 +0000,SINGLE_LAYERED,POST,1234,38344,94c6df0d6a5c6044-SIN,132.0,33,Origin,200,xss
307,O6K2AHaj,08/Jun/2025:08:03:12 +0000,SINGLE_LAYERED,POST,1234,38344,94c6df11b9466044-SIN,132.0,33,Origin,200,xss
308,9b4l4OIm,08/Jun/2025:08:03:12 +0000,SINGLE_LAYERED,POST,1234,38344,94c6df15ff646044-SIN,132.0,33,Origin,200,xss
309,g5CIkh8U,08/Jun/2025:08:03:13 +0000,SINGLE_LAYERED,POST,1234,38344,94c6df1a6c316044-SIN,132.0,33,Origin,200,xss
310,ZBJF2pLQ,08/Jun/2025:08:03:14 +0000,SINGLE_LAYERED,POST,1234,38344,94c6df1eba276044-SIN,132.0,33,Origin,200,xss
311,vfR3u1l3,08/Jun/2025:08:03:15 +0000,SINGLE_LAYERED,POST,1234,38344,94c6df22fa346044-SIN,132.0,33,Origin,200,xss
312,cnmeB4Oq,08/Jun/2025:08:03:15 +0000,SINGLE_LAYERED,POST,1234,38344,94c6df275f966044-SIN,132.0,33,Origin,200,xss
313,9a6rHEMo,08/Jun/2025:08:03:16 +0000,SINGLE_LAYERED,POST,1234,38344,94c6df2bbc7f6044-SIN,132.0,33,Origin,200,xss
314,Pf3QTNqM,08/Jun/2025:08:03:17 +0000,SINGLE_LAYERED,POST,1234,38344,94c6df3029b96044-SIN,132.0,33,Origin,200,xss
315,0HOvI9ws,08/Jun/2025:08:03:17 +0000,SINGLE_LAYERED,POST,1234,38344,94c6df343faa6044-SIN,132.0,33,Origin,200,xss
316,wjW5nstx,08/Jun/2025:08:03:18 +0000,SINGLE_LAYERED,POST,1234,38344,94c6df388d6b6044-SIN,132.0,33,Origin,200,xss
317,SzohB8WZ,08/Jun/2025:08:03:19 +0000,SINGLE_LAYERED,POST,1234,38344,94c6df3cba276044-SIN,132.0,33,Origin,200,xss
318,mXzFupbt,08/Jun/2025:08:03:19 +0000,SINGLE_LAYERED,POST,1234,38344,94c6df40fe456044-SIN,132.0,33,Origin,200,xss
319,7zoN6kG0,08/Jun/2025:08:03:20 +0000,SINGLE_LAYERED,POST,1234,38344,94c6df455a8e6044-SIN,132.0,33,Origin,200,xss
320,Tk4FdxC3,08/Jun/2025:08:03:21 +0000,SINGLE_LAYERED,POST,1234,38344,94c6df499f846044-SIN,132.0,33,Origin,200,xss
321,xyj87Fft,08/Jun/2025:08:03:21 +0000,SINGLE_LAYERED,POST,1234,38344,94c6df4dfba36044-SIN,132.0,33,Origin,200,xss
322,ke6dUhWZ,08/Jun/2025:08:03:22 +0000,SINGLE_LAYERED,POST,1234,38344,94c6df52480e6044-SIN,132.0,33,Origin,200,xss
323,fKwj4AkW,08/Jun/2025:08:03:23 +0000,SINGLE_LAYERED,POST,1234,38344,94c6df569c186044-SIN,132.0,33,Origin,200,xss
324,tolUlvVg,08/Jun/2025:08:03:23 +0000,SINGLE_LAYERED,POST,1234,38344,94c6df5ad8266044-SIN,132.0,33,Origin,200,xss
325,tEn0RSrC,08/Jun/2025:08:03:24 +0000,SINGLE_LAYERED,POST,1234,38344,94c6df5f4c6b6044-SIN,132.0,33,Origin,200,xss
326,7xpZdL8G,08/Jun/2025:08:03:25 +0000,SINGLE_LAYERED,POST,1234,38344,94c6df62989bdb41-SIN,151.0,50,Origin,401,xss
327,d2zfBhB2,08/Jun/2025:08:03:25 +0000,SINGLE_LAYERED,POST,1234,38344,94c6df6368cf6044-SIN,132.0,33,Origin,200,xss
328,VuWFpztj,08/Jun/2025:08:03:26 +0000,SINGLE_LAYERED,POST,1234,38344,94c6df67bd856044-SIN,132.0,33,Origin,200,xss
329,Eehf7XpC,08/Jun/2025:08:03:26 +0000,SINGLE_LAYERED,POST,1234,38344,94c6df6c1aaa6044-SIN,132.0,33,Origin,200,xss
330,Ucj5xrLa,08/Jun/2025:08:03:27 +0000,SINGLE_LAYERED,POST,1234,38344,94c6df6ddc2bdb41-SIN,151.0,33,Origin,200,xss
331,rLE02P2W,08/Jun/2025:08:03:27 +0000,SINGLE_LAYERED,POST,1234,38344,94c6df707f276044-SIN,132.0,33,Origin,200,xss
332,IWj7Wcoi,08/Jun/2025:08:03:28 +0000,SINGLE_LAYERED,POST,1234,38344,94c6df749bee6044-SIN,132.0,33,Origin,200,xss
333,HULM1BWT,08/Jun/2025:08:03:28 +0000,SINGLE_LAYERED,POST,1234,38344,94c6df78c8586044-SIN,132.0,33,Origin,200,xss
334,nFZj4uHv,08/Jun/2025:08:03:29 +0000,SINGLE_LAYERED,POST,1234,38344,94c6df7d1d116044-SIN,132.0,33,Origin,200,xss
335,DVwEtwiB,08/Jun/2025:08:03:30 +0000,SINGLE_LAYERED,POST,1234,38344,94c6df8159936044-SIN,132.0,33,Origin,200,xss
336,TRGx13dG,08/Jun/2025:08:03:30 +0000,SINGLE_LAYERED,POST,1234,38344,94c6df859d726044-SIN,132.0,33,Origin,200,xss
337,VycU76xt,08/Jun/2025:08:03:31 +0000,SINGLE_LAYERED,POST,1234,38344,94c6df89d9676044-SIN,132.0,33,Origin,200,xss
338,LUaPNrLa,08/Jun/2025:08:03:32 +0000,SINGLE_LAYERED,POST,1234,38344,94c6df8dddd16044-SIN,132.0,33,Origin,200,xss
339,LFmE9UNa,08/Jun/2025:08:03:32 +0000,SINGLE_LAYERED,POST,1234,38344,94c6df922a666044-SIN,132.0,33,Origin,200,xss
340,tdVve899,08/Jun/2025:08:03:33 +0000,SINGLE_LAYERED,POST,1234,38344,94c6df969fa06044-SIN,132.0,33,Origin,200,xss
341,5kdAqZ3C,08/Jun/2025:08:03:34 +0000,SINGLE_LAYERED,POST,1234,38344,94c6df9aed546044-SIN,132.0,33,Origin,200,xss
342,3bbQRuzm,08/Jun/2025:08:03:34 +0000,SINGLE_LAYERED,POST,1234,38344,94c6df9f8a946044-SIN,132.0,33,Origin,200,xss
343,7lyHGLr7,08/Jun/2025:08:03:35 +0000,SINGLE_LAYERED,POST,1234,38344,94c6dfa3ff4e6044-SIN,132.0,33,Origin,200,xss
344,wN2ZTAiY,08/Jun/2025:08:03:36 +0000,SINGLE_LAYERED,POST,1234,38344,94c6dfa82b9c6044-SIN,132.0,33,Origin,200,xss
345,uKjktkwu,08/Jun/2025:08:03:37 +0000,SINGLE_LAYERED,POST,1234,38344,94c6dfacc8696044-SIN,132.0,33,Origin,200,xss
346,MWLnQKXY,08/Jun/2025:08:03:37 +0000,SINGLE_LAYERED,POST,1234,38344,94c6dfb0fcd86044-SIN,132.0,33,Origin,200,xss
347,3VnHocPi,08/Jun/2025:08:03:38 +0000,SINGLE_LAYERED,POST,1234,38344,94c6dfb528b66044-SIN,132.0,33,Origin,200,xss
348,xPHRZyxR,08/Jun/2025:08:03:39 +0000,SINGLE_LAYERED,POST,1234,38344,94c6dfb97d336044-SIN,132.0,33,Origin,200,xss
349,IeC9P61j,08/Jun/2025:08:03:39 +0000,SINGLE_LAYERED,POST,1234,38344,94c6dfbdea376044-SIN,132.0,33,Origin,200,xss
350,cMU1e1Xg,08/Jun/2025:08:03:40 +0000,SINGLE_LAYERED,POST,1234,38344,94c6dfc22e9c6044-SIN,132.0,33,Origin,200,xss
351,UKxIwK0s,08/Jun/2025:08:03:41 +0000,SINGLE_LAYERED,POST,1234,38344,94c6dfc6ab956044-SIN,132.0,33,Origin,200,xss
352,kGJHEEjU,08/Jun/2025:08:03:41 +0000,SINGLE_LAYERED,POST,1234,38344,94c6dfcaf81a6044-SIN,132.0,33,Origin,200,xss
353,ttdIxczY,08/Jun/2025:08:03:42 +0000,SINGLE_LAYERED,POST,1234,38344,94c6dfcfadd26044-SIN,132.0,33,Origin,200,xss
354,zTXbS4Fw,08/Jun/2025:08:03:43 +0000,SINGLE_LAYERED,POST,1234,38344,94c6dfd419f96044-SIN,132.0,33,Origin,200,xss
355,MDCGVA8D,08/Jun/2025:08:03:44 +0000,SINGLE_LAYERED,POST,1234,38344,94c6dfd85e616044-SIN,132.0,33,Origin,200,xss
356,QRVegC6X,08/Jun/2025:08:03:44 +0000,SINGLE_LAYERED,POST,1234,38344,94c6dfdcbb5e6044-SIN,132.0,33,Origin,200,xss
357,3hpyKmWH,08/Jun/2025:08:03:45 +0000,SINGLE_LAYERED,POST,1234,38344,94c6dfe1084c6044-SIN,132.0,33,Origin,200,xss
358,D3qf76ZR,08/Jun/2025:08:03:46 +0000,SINGLE_LAYERED,POST,1234,38344,94c6dfe56d076044-SIN,132.0,33,Origin,200,xss
359,Hlimvq0K,08/Jun/2025:08:03:46 +0000,SINGLE_LAYERED,POST,1234,38344,94c6dfe9b9e26044-SIN,132.0,33,Origin,200,xss
360,GTwud3Rg,08/Jun/2025:08:03:47 +0000,SINGLE_LAYERED,POST,1234,38344,94c6dfee2e466044-SIN,132.0,33,Origin,200,xss
361,kEc409LD,08/Jun/2025:08:04:04 +0000,SINGLE_LAYERED,POST,1234,38344,94c6e05639036044-SIN,175.0,50,Origin,401,xss
362,CCqIGPhX,08/Jun/2025:08:04:04 +0000,SINGLE_LAYERED,POST,1234,38344,94c6e05a4d776044-SIN,175.0,50,Origin,401,xss
363,8PJ1GJLU,08/Jun/2025:08:04:05 +0000,SINGLE_LAYERED,POST,1234,38344,94c6e05e69de6044-SIN,175.0,50,Origin,401,xss
364,mIONJn13,08/Jun/2025:08:04:06 +0000,SINGLE_LAYERED,POST,1234,38344,94c6e062de3b6044-SIN,175.0,50,Origin,401,xss
365,1e6znPAx,08/Jun/2025:08:04:06 +0000,SINGLE_LAYERED,POST,1234,38344,94c6e0674a6f6044-SIN,175.0,50,Origin,401,xss
366,ZyDpNvMV,08/Jun/2025:08:04:09 +0000,SINGLE_LAYERED,POST,1234,38344,94c6e077ed316044-SIN,89.0,33,Origin,200,sql_injection
367,KgWYzq0k,08/Jun/2025:08:04:12 +0000,SINGLE_LAYERED,POST,1234,38344,94c6e08c4a836044-SIN,175.0,33,Origin,200,xss
368,8M5P97S8,08/Jun/2025:08:04:13 +0000,SINGLE_LAYERED,POST,1234,38344,94c6e0909eb36044-SIN,175.0,33,Origin,200,xss
369,lY5WwDTV,08/Jun/2025:08:04:14 +0000,SINGLE_LAYERED,POST,1234,38344,94c6e0951b1b6044-SIN,175.0,33,Origin,200,xss
370,BfLWah1s,08/Jun/2025:08:04:14 +0000,SINGLE_LAYERED,POST,1234,38344,94c6e0996f836044-SIN,175.0,33,Origin,200,xss
371,NWPLMN3S,08/Jun/2025:08:04:15 +0000,SINGLE_LAYERED,POST,1234,38344,94c6e09dbb606044-SIN,175.0,33,Origin,200,xss
372,k8rrFHyy,08/Jun/2025:08:04:16 +0000,SINGLE_LAYERED,POST,1234,38344,94c6e0a22ff26044-SIN,175.0,33,Origin,200,xss
373,o3UkFyFQ,08/Jun/2025:08:04:17 +0000,SINGLE_LAYERED,POST,1234,38344,94c6e0a69cf36044-SIN,175.0,33,Origin,200,xss
374,baxBIw1d,08/Jun/2025:08:04:17 +0000,SINGLE_LAYERED,POST,1234,38344,94c6e0ab0a0a6044-SIN,175.0,33,Origin,200,xss
375,SOymmzEW,08/Jun/2025:08:04:18 +0000,SINGLE_LAYERED,POST,1234,38344,94c6e0af7f486044-SIN,175.0,33,Origin,200,xss
376,83LLLJI9,08/Jun/2025:08:04:19 +0000,SINGLE_LAYERED,POST,1234,38344,94c6e0b3dd476044-SIN,175.0,33,Origin,200,xss
377,Lmtai80J,08/Jun/2025:08:04:19 +0000,SINGLE_LAYERED,POST,1234,38344,94c6e0b809646044-SIN,175.0,33,Origin,200,xss
378,hvSzsUcI,08/Jun/2025:08:04:20 +0000,SINGLE_LAYERED,POST,1234,38344,94c6e0bc7d916044-SIN,175.0,33,Origin,200,xss
379,sZ5cWH6c,08/Jun/2025:08:04:21 +0000,SINGLE_LAYERED,POST,1234,38344,94c6e0c0ea856044-SIN,175.0,33,Origin,200,xss
380,LSyglEp6,08/Jun/2025:08:04:21 +0000,SINGLE_LAYERED,POST,1234,38344,94c6e0c5282b6044-SIN,175.0,33,Origin,200,xss
381,0iehod0V,08/Jun/2025:08:04:22 +0000,SINGLE_LAYERED,POST,1234,38344,94c6e0c95c776044-SIN,175.0,33,Origin,200,xss
382,YTSOv3hl,08/Jun/2025:08:04:23 +0000,SINGLE_LAYERED,POST,1234,38344,94c6e0cde9106044-SIN,175.0,33,Origin,200,xss
383,cmO61SjM,08/Jun/2025:08:04:24 +0000,SINGLE_LAYERED,POST,1234,38344,94c6e0d22e3b6044-SIN,175.0,33,Origin,200,xss
384,uh2evpit,08/Jun/2025:08:04:24 +0000,SINGLE_LAYERED,POST,1234,38344,94c6e0d65aa56044-SIN,175.0,33,Origin,200,xss
385,VNaI0ZnY,08/Jun/2025:08:04:25 +0000,SINGLE_LAYERED,POST,1234,38344,94c6e0daaf776044-SIN,175.0,33,Origin,200,xss
386,2GxvJcet,08/Jun/2025:08:04:26 +0000,SINGLE_LAYERED,POST,1234,38344,94c6e0df1c736044-SIN,175.0,33,Origin,200,xss
387,M0zNTgkN,08/Jun/2025:08:04:26 +0000,SINGLE_LAYERED,POST,1234,38344,94c6e0e388c66044-SIN,175.0,33,Origin,200,xss
388,NkzGai83,08/Jun/2025:08:04:27 +0000,SINGLE_LAYERED,POST,1234,38344,94c6e0e80d916044-SIN,175.0,33,Origin,200,xss
389,qlKr1kY7,08/Jun/2025:08:07:25 +0000,SINGLE_LAYERED,POST,1234,45610,94c6e5424ac89ff1-SIN,89.0,33,Origin,200,sql_injection
390,MNwyVJbd,08/Jun/2025:08:07:42 +0000,SINGLE_LAYERED,POST,1234,45610,94c6e5a88adb9ff1-SIN,89.0,33,Origin,200,sql_injection
391,zQHQOE6f,08/Jun/2025:08:08:33 +0000,,POST,1234,45610,94c6e6e5fece5f5a-SIN,48.0,62,Origin,401,ssrf
392,ytV9oLve,08/Jun/2025:08:08:33 +0000,SINGLE_LAYERED,POST,1234,45610,94c6e6e829147b14-SIN,48.0,62,Origin,401,sql_injection
393,6GU5y0AK,08/Jun/2025:08:08:39 +0000,,POST,1234,45610,94c6e71039d9f881-SIN,59.0,62,Origin,401,ssrf
394,L6HqPsUO,08/Jun/2025:08:08:46 +0000,SINGLE_LAYERED,POST,1234,45610,94c6e73c49a85f37-SIN,66.0,62,Origin,401,xss
395,GlnczrIv,08/Jun/2025:08:08:47 +0000,,POST,1234,45610,94c6e7401cf98b8a-SIN,67.0,62,Origin,401,ssrf
396,ll2Z6yCA,08/Jun/2025:08:08:54 +0000,,POST,1234,45610,94c6e76ded01fd6b-SIN,70.0,62,Origin,401,ssrf
397,CeEAeOSz,08/Jun/2025:08:08:55 +0000,,POST,1234,45610,94c6e77038cb9c39-SIN,66.0,62,Origin,401,ssrf
398,VjosZGHq,08/Jun/2025:08:09:06 +0000,,POST,1234,45610,94c6e7b3b985d98b-SIN,69.0,62,Origin,401,ssrf
399,z2Swtirc,08/Jun/2025:08:09:13 +0000,,POST,1234,45610,94c6e7e28b5988ff-SIN,68.0,62,Origin,401,ssrf
400,UrCYpMjz,08/Jun/2025:08:09:14 +0000,,POST,1234,45610,94c6e7eb4d2bfda2-SIN,71.0,62,Origin,401,ssrf
401,0x7eJabo,08/Jun/2025:08:09:21 +0000,,POST,1234,45610,94c6e8142fd1fd81-SIN,67.0,62,Origin,401,ssrf
402,HNhpdwfc,08/Jun/2025:08:09:21 +0000,,POST,1234,45610,94c6e816ccdda0bc-SIN,70.0,62,Origin,401,ssrf
403,w5WnmLQG,08/Jun/2025:08:09:28 +0000,,POST,1234,45610,94c6e83f3c41a059-SIN,66.0,62,Origin,401,ssrf
404,Dao2wV0w,08/Jun/2025:08:09:28 +0000,,POST,1234,45610,94c6e841dfed3db3-SIN,69.0,62,Origin,401,ssrf
405,Q7Ykh7Wx,08/Jun/2025:08:09:51 +0000,SINGLE_LAYERED,POST,1234,45610,94c6e8cfad1d8b81-HKG,87.0,62,Origin,401,sql_injection
406,VDm69Pj3,08/Jun/2025:08:09:54 +0000,SINGLE_LAYERED,POST,1234,45610,94c6e8e07c808b81-HKG,87.0,62,Origin,401,sql_injection
407,SFrEbHSo,08/Jun/2025:08:09:57 +0000,SINGLE_LAYERED,POST,1234,45610,94c6e8f46f648b81-HKG,86.0,64,Origin,403,sql_injection
408,rHolkoh9,08/Jun/2025:08:10:01 +0000,SINGLE_LAYERED,POST,1234,45610,94c6e90ef8b08b81-HKG,86.0,33,Origin,200,sql_injection
409,uDtZKPWn,08/Jun/2025:08:10:05 +0000,SINGLE_LAYERED,POST,1234,45610,94c6e928da2a8b81-HKG,86.0,33,Origin,200,sql_injection
410,bGuidbm6,08/Jun/2025:08:10:14 +0000,SINGLE_LAYERED,POST,1234,45610,94c6e95fcce88b81-HKG,77.0,64,Origin,403,sql_injection
